student_id,program_name,uni_name
1,Business and Information Technology,Universitat Autònoma de Barcelona
1,Computer Science,Beirut Arab University
1,Computing in Science,Universität Hamburg
1,Data Science,University of Toronto
1,Industrial Computing and Robotics,Universitat Politecnica de Valencia
1,Software Engineering,Ludwig-Maximilians-Universität München
2,Business Analytics,University of Toronto
2,Finance,University of Cologne
2,Insurance,Ludwig-Maximilians-Universität München
2,Management and Digital Technologies,Ludwig-Maximilians-Universität München
3,Archaeology,Universitat de Barcelona
3,Linguistics and Applied Languages,Complutense University of Madrid
3,Modern Language and Literature,Universitat de Barcelona
4, Computer Science (Non-Thesis),McGill University
4, Management Information Systems ,University of British Columbia
4,Computer Science (Thesis),McGill University
4,Integrated Studies in Land and Food Systems ,University of British Columbia
5,Agricultural and Food Engineering,Universidade de Santiago de Compostela
5,Chemical Engineering,Universitat de Barcelona
5,Computer Engineering,Universitat de Valencia
5,Electronic Engineering and Telecommunications,Universitat de Barcelona
6,Accounting,American University of Science and Technology
6,Finance,American University of Science and Technology
6,General Management,Antoine University
6,Project Management,Jinan University
7,Biochemistry,Eberhard Karls Universität Tübingen
7,Chemistry,Technische Universität Berlin (TU Berlin)
7,Food Chemistry,Technical University of Munich
8,  Nursing (Non-Thesis),McGill University
8, Human Nutrition (Thesis),McGill University
8,Biological and Biomedical Engineering (Thesis),McGill University
8,Experimental Medicine (Thesis),McGill University
8,Family Medicine (Thesis),McGill University
9,Computer Science,Universidade de Santiago de Compostela
9,Computer Science (BSc) (Okanagan Campus),University of British Columbia
9,Computer Science (Non-Thesis),McGill University
9,Computer Science (Thesis),McGill University
10,Cooperation to the Development,Universitat Politecnica de Valencia
10,Economics,Universitat de Barcelona
10,Political Analysis,Complutense University of Madrid
11,Accounting,American University of Science and Technology
11,Banking and Finance,Islamic University of Lebanon
11,Business Administration,Islamic University of Lebanon
11,Business Management,Lebanese International University
11,Finance,American University of Science and Technology
12,Bioengineering,"KIT, Karlsruhe Institute of Technology"
12,Chemical Engineering,Technical University of Munich
12,Chemical and Biological Engineering,Friedrich-Alexander-Universität Erlangen-Nürnberg
12,Computer Engineering,Universität Heidelberg
12,Software Engineering,Ludwig-Maximilians-Universität München
13,French Language and Literature,Beirut Arab University
13,Islamic studies,American University of Beirut
13,Religious Studies,Saint Joseph University of Beirut
13,Translation,Saint Joseph University of Beirut
14,  Nursing (Non-Thesis),McGill University
14,Biological and Biomedical Engineering (Thesis),McGill University
14,Epidemiology (Thesis),McGill University
14,Pathology and Laboratory Medicine ,University of British Columbia
15,Business and Information Technology,Universitat Autònoma de Barcelona
15,Computer Engineering,Complutense University of Madrid
15,Computer Science,Universidade de Santiago de Compostela
18,Journalism,Jinan University
18,Music,Haigazian University
18,media studies,American University of Beirut
20,Design,Universitat de Barcelona
20,Industrial Design Engineering and Product Development,Universitat Politecnica de Valencia
20,the Fundamentals of Architecture,Universitat Politecnica de Valencia
22,Chemistry,Freie Universitaet Berlin
22,Chemistry,Universitat Ramon Llull
22,Chemistry and Biochemistry,Complutense University of Madrid
22,Mathematics,"KIT, Karlsruhe Institute of Technology"
22,Mathematics (Bachelor of Arts and Science),McGill University
26,Criminology,Universitat Autònoma de Barcelona
26,Law,Universitat Autònoma de Barcelona
26,Law and Labour Relations,Universitat Autònoma de Barcelona
27,Islamic studies,American University of Beirut
27,Islamology,Saint Joseph University of Beirut
27,Religious Studies,Saint Joseph University of Beirut
28, Degree Completion,University of Michigan-Ann Arbor
28, Music Education,Johns Hopkins University
28,Education Policy,University of Pennsylvania
29,Industrial Engineering,Lebanese International University
29,Materials Science,Ludwig-Maximilians-Universität München
29,Mechanical Engineering,Beirut Arab University
30,Computer Science,Eberhard Karls Universität Tübingen
30,IT Security,Friedrich-Alexander-Universität Erlangen-Nürnberg
30,Software Engineering,Ludwig-Maximilians-Universität München
31, Seniors Care ,University of British Columbia
31, Surgical and Interventional Sciences (Thesis),McGill University
31,Biochemistry (Thesis),McGill University
31,Biology (Thesis),McGill University
32,Educational Psychology,Universitat Autònoma de Barcelona
32,Experiential Humanist Psychotherapy and in Emotion Focused Therapy,Comillas Pontifical University
32,General Health Psychology,Universidad Autónoma de Madrid
32,Legal and Forensic Psychology,Universitat Autònoma de Barcelona
33,Analysis and Management of the Artistic Heritage,Universitat Autònoma de Barcelona
33,Business Administration and Management,Universitat Autònoma de Barcelona
33,Business Finance,Complutense University of Madrid
33,Business Research,Universitat de Barcelona
34,Bioresource Engineering (Thesis),McGill University
34,Cell and Developmental Biology ,University of British Columbia
34,Kinesiology ,University of British Columbia
35,Educational Psychology,Universitat Autònoma de Barcelona
35,Legal and Forensic Psychology,Universitat Autònoma de Barcelona
35,Psychology,Comillas Pontifical University
35,Psychology,Complutense University of Madrid
36, Degree Completion,University of Michigan-Ann Arbor
36,Education Policy,University of Pennsylvania
36,"Education, Culture, and Society",University of Pennsylvania
37, Physical Therapy (Non-Thesis),McGill University
37, Professional Kinesiology,University of Toronto
37,Kinesiology,McGill University
38,Architecture,"KIT, Karlsruhe Institute of Technology"
38,Architecture,Technical University of Munich
38,Architecture,Technische Universität Berlin (TU Berlin)
38,Architecture ,Technical University of Darmstadt
38,Musicology,Universität Heidelberg
39, Public Health Global Health Track,Yale University
39,Biomedical  Engineering,Yale University
39,Biomedical Engineering,Cornell University
39,Public Health Preventive Medicine Track,Yale University
40,Automatic Systems and Industrial Electronics Engineering,Universitat Politècnica de Catalunya · BarcelonaTech (UPC)
40,Civil Liability,Universidad Carlos III de Madrid (UC3M)
40,Geological Engineering,Complutense University of Madrid
40,Management Engineering,Universitat Politècnica de Catalunya · BarcelonaTech (UPC)
40,Mechanical Engineering,Universitat Politecnica de Valencia
41,Neuro Cognitive Psychology,Ludwig-Maximilians-Universität München
41,Psychology,Saint Joseph University of Beirut
41,Psychology,Universität Heidelberg
41,Psychology ,Goethe-University Frankfurt am Main
42,Applied Urban Science and Informatics,New York University (NYU)
42,Computer Science,Stanford University
42,Computer Science &  Engineering,Massachusetts Institute of Technology (MIT)
43,Bioinformatics,Freie Universitaet Berlin
43,Computer Engineering,Technische Universitأ¤t Berlin (TU Berlin)
43,Computer Engineering,Universität Heidelberg
43,Computing in Science,Universität Hamburg
43,Human Computer Interaction,Universit?t Hamburg
44,Advanced Materials,Universitat de Barcelona
44,Chemistry,University of Pennsylvania
44,"Electrochemistry, Science and Technology",Universitat Autònoma de Barcelona
44,Physics,Universitat de Barcelona
45,English (Non-Thesis),McGill University
45,English (Thesis),McGill University
45,Linguistics (Thesis),McGill University
45,Science of Religion,Universidad Carlos III de Madrid (UC3M)
45,Sciences of Religions,Complutense University of Madrid
46,Aerospace Engineering,Universidad Carlos III de Madrid (UC3M)
46,Aerospace Engineering,Universidad Politécnica de Madrid (UPM)
46,Marine Technologies,Universitat Politècnica de Catalunya · BarcelonaTech (UPC)
46,Nautical Science and Maritime Transport,Universitat Politècnica de Catalunya · BarcelonaTech (UPC)
47,Arabic Language and Literature,Saint Joseph University of Beirut
47,Art History (Thesis),McGill University
47,Classics,McGill University
48,Art Education ,University of British Columbia
48,Curriculum and Leadership ,University of British Columbia
48,Education Policy,University of Pennsylvania
48,"Education, Culture, and Society",University of Pennsylvania
49, Human Resources Management,New York University (NYU)
49,Business Administration,Universität Hamburg
49,Finance,Harvard University
50,Computer Science,Goethe-University Frankfurt am Main
50,Computer Science ,Technical University of Darmstadt
50,Data and Computer Science,Universität Heidelberg
50,Economic Systems,Freie Universitaet Berlin
50,Software Engineering,Ludwig-Maximilians-Universität München
51,Journalism,Ludwig-Maximilians-Universität München
51,Media and Communication Studies,Universität Hamburg
52, Physical Theory and Experimental Technique,University of Pennsylvania
52,Mathematics,Massachusetts Institute of Technology (MIT)
52,Mathematics,Yale University
52,physics,Massachusetts Institute of Technology (MIT)
53,Bioethics Law(Thesis),McGill University
53,Common Law,University of British Columbia
53,Law (Thesis),McGill University
54, Land and Water Systems,University of British Columbia
54, Software Systems,Columbia University
54,Computer Science ,Stanford University
54,Information Science,Cornell University
54,"Logic, Information, and Computation",University of Pennsylvania
55,Advanced Genetics,Universitat Autònoma de Barcelona
55,Hospital Clinical Optometry,Complutense University of Madrid
55,Microbiology and Immunology (Thesis),McGill University
55,Neuroscience (Thesis),McGill University
56,Archaeology,Universitat de Barcelona
56,French Language and Literature,Beirut Arab University
56,Islamology,Saint Joseph University of Beirut
56,Literary Studies,Complutense University of Madrid
56,Shariaa and islamic studies,Jinan University
57, Environmental  Engineering,Yale University
57,Materials Science and  Engineering,Stanford University
57,Mechanical  Engineering,Massachusetts Institute of Technology (MIT)
57,Software  Engineering,Harvard University
58,Education Studies,Universitat Autònoma de Barcelona
58,Kinesiology and Physical Education (Thesis),McGill University
58,Music Education (Thesis),McGill University
58,Pedagogy,University of Navarra
59,American History Culture and Society,Ludwig-Maximilians-Universität München
59,History ,Goethe-University Frankfurt am Main
59,Spanish,Universität Hamburg
60, Dental Hygiene,University of Michigan-Ann Arbor
60,Biological and Medical Sciences,Saint Joseph University of Beirut
60,Medical Physics,Beirut Arab University
60,Nursing Sciences,Antoine University
60,Public Health,University of Pennsylvania
61,Communication and Society in Ibero-America,Universität Heidelberg
61,Information and Communication Technology,Friedrich-Alexander-Universität Erlangen-Nürnberg
61,Journalism,Ludwig-Maximilians-Universität München
62,Biochemistry (Thesis),McGill University
62,Biology (Thesis),McGill University
62,Reproductive and Developmental Sciences ,University of British Columbia
63,Creative Writing & Literature,Harvard University
63,English,Harvard University
63,History,Harvard University
63,History of Art,University of Pennsylvania
64,Archaeology,Universitat de Valencia
64,Classical Studies,University of Pennsylvania
64,Discourse Studies,Universitat Autònoma de Barcelona
64,North American Studies,Complutense University of Madrid
65,Communication and Society in Ibero-America,Universität Heidelberg
65,Journalism,Ludwig-Maximilians-Universität München
65,Media and Communication Studies,Universität Hamburg
66,Business Analytics,Comillas Pontifical University
66,Computer Vision,Universitat Politècnica de Catalunya · BarcelonaTech (UPC)
66,"Data Analysis, Process Improvement and Decision Support Engineering",Universitat Politecnica de Valencia
66,Data Engineering,Universitat Autònoma de Barcelona
66,Lifelong Learning in Airframe Technology,Universidad Carlos III de Madrid (UC3M)
67,Biochemistry (Thesis),McGill University
67,Biology,Technical University of Munich
67,Biology,Universität Hamburg
67,Biology (Thesis),McGill University
67,Microbiology and Immunology (Thesis),McGill University
68,Audiovisual Communication,Antoine University
68,Cinema,Saint Joseph University of Beirut
68,Digital Advertising,American University of Science and Technology
68,Information And Communication,Saint Joseph University of Beirut
69,Nonprofit Leadership,University of Pennsylvania
69,Tourism Management in Cultural Heritage,Universitat Autònoma de Barcelona
70,Biological and Biomedical Engineering (Thesis),McGill University
70,Family Medicine (Thesis),McGill University
70,Family and Community Medicine,University of Toronto
71,Computer Science,McGill University
71,Computer Science,University of British Columbia
71,Computer Science (Non-Thesis),McGill University
71,Computer Science (Thesis),McGill University
72,Arabic Language and Literature,American University of Beirut 
72,Creative Writing & Literature,Harvard University
72,Theological Sciences and Pastoral Studies ,Antoine University
73, Dental Hygiene,University of Michigan-Ann Arbor
73, Public Health ,Yale University
73,Nutrition,Cornell University
73,Public Health,University of Pennsylvania
74,"Media, Communication and Journalism Sciences and Disorders (Thesis)",McGill University
74,"Media, Communication and Journalism Studies",McGill University
74,World Cinemas,McGill University
75,Biomedical Engineering,Universität Heidelberg
75,Industrial Engineering,Universität Hamburg
75,Mechanical Engineering,Technical University of Munich
75,Mechatronics and Biomechanical Engineering,Technical University of Munich
76,Advanced Studies in Chemistry,Universidad de Sevilla
76,Computational Fluid Dynamics,Universitat Politecnica de Valencia
76,Mathematical Research,Universitat Politecnica de Valencia
76,Mathematics,Universitat de Barcelona
76,Nuclear Physics,University of Salamanca
77,Dentistry,Technische Universität Dresden
77,Dentistry,Universität Heidelberg
77,Medicine,Universität Heidelberg
77,Nutrition and Biomedicine,Technical University of Munich
78,English Studies,American University of Science and Technology
78,Theologica,Saint Joseph University of Beirut
78,Translation,American University of Science and Technology
79,Biologie ,Technical University of Darmstadt
79,Biology,Technical University of Munich
79,Bioresources Use,Universität Hamburg
79,Molecular Life Sciences,Universität Hamburg
80,Film Production ,University of British Columbia
80,"Media, Communication and Journalism Sciences & Disorders (Non-Thesis)",McGill University
80,"Media, Communication and Journalism Sciences and Disorders (Thesis)",McGill University
80,"Media, Communication and Journalism Studies (Thesis)",McGill University
81,Computer Engineering,Holy Spirit University of Kaslik
81,Industrial Technology,Saint Joseph University of Beirut
81,Mechanical Engineering,Beirut Arab University
82,Criminology,University of Pennsylvania
82,Health Policy and Law,University of Pennsylvania
82,International Law,Universität Heidelberg
83,Bioethics Law(Thesis),McGill University
83,Environment Law(Thesis),McGill University
83,Law (Thesis),McGill University
83,Social Justice Education,University of Toronto
83,Taxation,University of British Columbia
84, Occupational Therapy (Non-Thesis),McGill University
84, Public Health Occupational and Environmental Medicine Track (Non Yale Fellows),Yale University
84,Biomedical Engineering,Cornell University
84,Public Health (Non-Thesis),McGill University
85,Biomedicine,Universitat de Barcelona
85,Food Safety,Universitat Autònoma de Barcelona
85,Human Nutrition and Dietetics,Universitat de Barcelona
86,Applied Computer Science ,University of Göttingen
86,Computer Science,Technische Universität Dresden
86,Computer Science,Universität Hamburg
86,Information Systems ,Friedrich-Alexander-Universität Erlangen-Nürnberg
86,"Logic, Information, and Computation",University of Pennsylvania
87,Bioinformatics,Freie Universitaet Berlin
87,Computer Science,Technische Universität Dresden
87,Computer Science,Universität Hamburg
87,Computer Science,Universität Stuttgart
88,Business Administration,Universität Stuttgart
88,Finance Accounting and Taxation,Freie Universitaet Berlin
88,IT Management and Consulting,Universität Hamburg
88,Management and Digital Technologies ,Ludwig-Maximilians-Universität München
88,Marketing and E-Business,University of Göttingen
89,Business Administration,Universität Hamburg
89,Corporate Development,University of Cologne
89,Marketing,University of Cologne
89,Marketing and E-Business,University of Göttingen
90,Archaeology,Universitat de Barcelona
90,English and Spanish,Universitat Autònoma de Barcelona
90,German Language and Literature,Universidad de Sevilla
91,American Studies,Universität Heidelberg
91,Computational Linguistics,Universität Heidelberg
91,History ,Friedrich-Alexander-Universität Erlangen-Nürnberg
91,Languages and Cultures of Southeast Asia,Universität Hamburg
92, Management Information Systems ,University of British Columbia
92,Bioinformatics ,University of British Columbia
92,Computer Science,University of British Columbia
92,Health Informatics ,University of Toronto
92,Integrated Studies in Land and Food Systems ,University of British Columbia
93,Bioinformatics ,University of British Columbia
93,Computer Science,University of British Columbia
93,Computer Science (Thesis),McGill University
93,Health Informatics ,University of Toronto
93,Integrated Studies in Land and Food Systems ,University of British Columbia
94,Biomedical Engineering,Universitat de Barcelona
94,Chemical Engineering,Universitat de Barcelona
94,Engineering Physics,Universitat Politecnica de Valencia
94,Geomatic and Surveying Engineering,Universitat Politecnica de Valencia
94,Mathematical Engineering in Data Science,Universitat Pompeu Fabra (Barcelona)
95,Electrical  Engineering,Northwestern University
95,Mechanical  Engineering,Northwestern University
95,Mechanical Engineering,Pheonicia University 
95,Nuclear Engineering,"University of California, Berkeley (UCB)"
96,Business Strategy,Universitat de Valencia
96,Human Resource Management in Organizations,Universitat Autònoma de Barcelona
96,Management Ethics and Innovation in the Non Profit Sector,Universität Heidelberg
96,Terrestrial Ecology and Biodiversity Management,Universitat Autònoma de Barcelona
97,Business Administration,Pheonicia University 
97,Finance,Haigazian University
97,General Business and Management  Administration,Rafik Hariri  University 
98,Chemistry,Freie Universitaet Berlin
98,Mathematics,Technische Universität Berlin (TU Berlin)
98,Physics,Universität Hamburg
99,  Chemical Principles,University of Pennsylvania
99, Biological Mathematics Concentration,University of Pennsylvania
99, Physical Theory and Experimental Technique,University of Pennsylvania
99,Statistics,"University of California, Berkeley (UCB)"
100, Dental Sciences (Non-Thesis),McGill University
100, Medical Anthropology (Thesis),McGill University
100,Critical Care Nursing,Beirut Arab University
100,Operative and Esthetic Dentistry,Beirut Arab University
100,Physiotherapy of Physical Activities and Sport,Saint Joseph University of Beirut
101,   Advanced Nursing (Non-Thesis),McGill University
101, Medical Radiation Physics (Thesis),McGill University
101, Occupational Therapy (MScOT),University of Toronto
101,Medical Sociology (Thesis),McGill University
101,Pathology and Laboratory Medicine ,University of British Columbia
102,Cognitive Systems,University of British Columbia
102,Computer Science,Modern University for Business and Science
102,Information Systems,McGill University
103,Business and Information Technology,Universitat Autònoma de Barcelona
103,Computer Science,Universidade de Santiago de Compostela
103,Computer Science and Engineering  Informatics Engineering,Universidad Carlos III de Madrid (UC3M)
103,Telecommunications Systems,Universitat Politècnica de Catalunya · BarcelonaTech (UPC)
104, Agricultural Economics (Thesis),McGill University
104, Anthropology,University of Toronto
104, Anthropology (Thesis),McGill University
104, Geography (Thesis),McGill University
105,Advanced Studies in Social and Cultural Anthropology,Complutense University of Madrid
105,Biological Anthropology,Universitat Autònoma de Barcelona
105,Economics,Complutense University of Madrid
105,Local Government and Innovative Public Policies,Universidade de Santiago de Compostela
106,Bachelorin Hospitality Management,Saint Joseph University of Beirut
106,Business Administration,Modern University for Business and Science
106,Business and Management  information technology,Jinan University
106,Human Resource Management,Antoine University
107,Banking and Finance,Islamic University of Lebanon
107,Business Administration,Pheonicia University 
107,Marketing and Management,Jinan University
107,Worms International Business Management,Lebanese International University
108,Biomedical Engineering,Universität Heidelberg
108,Chemical Engineering,Technical University of Munich
108,Civil Engineering,Technische Universität Berlin (TU Berlin)
108,Ecological Engineering,Technical University of Munich
108,Mechanical Engineering,Technische Universität Berlin (TU Berlin)
109,Bioengineering,"KIT, Karlsruhe Institute of Technology"
109,Ecological Engineering,Technical University of Munich
109,Mechanical Engineering,Technische Universität Berlin (TU Berlin)
110, Classical Languages and Literature,University of Pennsylvania
110, Environmental History and Regional Studies Concentration,University of Pennsylvania
110, Italian Literature,University of Pennsylvania
110, Religious Studies,University of Pennsylvania
110,South Asia Studies,University of Pennsylvania
111,Arabic Language and Literature,Islamic University of Lebanon
111,Armenian Studies,Haigazian University
111,History,Haigazian University
111,Religious Studies,Saint Joseph University of Beirut
112, Dental Hygiene,University of Michigan-Ann Arbor
112, Public Health Combined Degree ,Northwestern University
112,Public Health,"University of California, Berkeley (UCB)"
113,   Advanced Nursing (Non-Thesis),McGill University
113,Human Nutrition ,University of British Columbia
113,Pathology and Laboratory Medicine ,University of British Columbia
113,Population and Public Health ,University of British Columbia
114,Business and Information Technology,Universitat Autònoma de Barcelona
114,Computer Science,Universidade de Santiago de Compostela
114,Industrial Computing and Robotics,Universitat Politecnica de Valencia
115,Business and Information Technology,Universitat Autònoma de Barcelona
115,Computer Science and Engineering  Informatics Engineering,Universidad Carlos III de Madrid (UC3M)
115,Industrial Computing and Robotics,Universitat Politecnica de Valencia
120,Advertising and Public Relations,Complutense University of Madrid
120,Audiovisual Communications,Universitat Politecnica de Valencia
120,Journalism,Complutense University of Madrid
120,Journalism,Universitat Pompeu Fabra (Barcelona)
120,Journalism,Universitat de Valencia
121,Advertising and Communication ,Haigazian University
121,Journalism,Jinan University
121,Music,Haigazian University
124,Architectural Studies,IE University
124,General Musicology of Traditions,Antoine University
124,Graphic Design,American University of Beirut 
124,Graphic Design,Islamic University of Lebanon
125,Architecture ,University of British Columbia
125,Interior Design,Beirut Arab University
125,Music,University of British Columbia
125,Music: Composition,University of British Columbia
128, Astrophysics,University of Pennsylvania
128,Applied Mathematics and Computing,Universidad Carlos III de Madrid (UC3M)
128,Biochemistry,Universidad Autónoma de Madrid
128,Physiology and Physics,McGill University
129, Geology and Natural Resources,Yale University
129,Mathematics,Saint Joseph University of Beirut
129,Physiology and Physics,McGill University
136,Law,Comillas Pontifical University
136,Law,Universitat Pompeu Fabra (Barcelona)
136,Law ,Universidad Carlos III de Madrid (UC3M)
137,Bachelor of Laws,Universidad Autónoma de Madrid
137,Criminology,Complutense University of Madrid
137,Criminology,Universitat Autònoma de Barcelona
137,Law,Universitat Autònoma de Barcelona
138,Islamology,Saint Joseph University of Beirut
138,Speech and Language Therapy,Saint Joseph University of Beirut
138,Theology,Unversity of Balamand 
138,Translation,Saint Joseph University of Beirut
139,Applied Orthodox Theology,Unversity of Balamand 
139,French Language and Literature,Holy Spirit University of Kaslik
139,Philosophy,Holy Spirit University of Kaslik
139,Theology,Unversity of Balamand 
140, Degree Completion,University of Michigan-Ann Arbor
140, Music Education,Johns Hopkins University
141, Degree Completion,University of Michigan-Ann Arbor
141, Music Education,Johns Hopkins University
142, Biomedical  Engineering,Northwestern University
142,Chemical  Engineering ,"University of California, Berkeley (UCB)"
142,Environmental Science and  Engineering,California Institute of Technology (Caltech)
143,Biological/Bio Engineering,Massachusetts Institute of Technology (MIT)
143,Forest and Environmental Engineering,Universitat Politecnica de Valencia
143,Mechanical Engineering ,"KIT, Karlsruhe Institute of Technology"
143,Special Divisional Majors,Yale University
144,Computer Science,Universität Hamburg
144,Computer Science,Universität Heidelberg
144,Informatics,"KIT, Karlsruhe Institute of Technology"
144,Information Systems Management,Technische Universität Berlin (TU Berlin)
145,Business Informatics,Universität Hamburg
145,Computer Science,Universität Stuttgart
145,Information Systems,"KIT, Karlsruhe Institute of Technology"
145,Information Systems,University of Cologne
146, Cell Biology (Thesis),McGill University
146, Genetic Counselling (Non-Thesis),McGill University
146,Surgery ,University of British Columbia
146,Surgical and Interventional Sciences (Non-Thesis),McGill University
147, Human Genetics (Thesis),McGill University
147,Biochemistry and Molecular Biology ,University of British Columbia
147,Neuroscience (Thesis),McGill University
147,Zoology ,University of British Columbia
148,Behavioral and Health Sciences Methodology,Complutense University of Madrid
148,General Health Psychology,Universidad de Zaragoza
148,Introduction to Research in Mental Health,Complutense University of Madrid
148,Social Psychology,Complutense University of Madrid
149,General Health Psychology,Universidad de Sevilla
149,Legal and Forensic Psychology,Universitat Autònoma de Barcelona
149,Psychogerontology,Universidade de Santiago de Compostela
149,Psychopharmacology and Drugs of Abuse,Complutense University of Madrid
150,Building Construction Management,Universitat Politècnica de Catalunya · BarcelonaTech (UPC)
150,Cultural Management,Universitat Politecnica de Valencia
150,Integrated Business Management,Universidad Carlos III de Madrid (UC3M)
151,Business Finance,Complutense University of Madrid
151,Logistics and Supply Chain Management,Universitat Autònoma de Barcelona
151,Wealth and Financial Management,Universitat Ramon Llull
152, Microbiology (Thesis),McGill University
152, Physical Therapy Advanced Standing Option,University of Toronto
152, Physiology (Thesis),McGill University
152,Kinesiology ,University of British Columbia
152,Microbiology and Immunology ,University of British Columbia
153, Population and Health Sciences,University of Michigan-Ann Arbor
153,Biology,Harvard University
153,Biotechnology,Harvard University
153,Prosthetics and Orthotics,Northwestern University
154,Criminology and Public Prevention Policies,Universitat Pompeu Fabra (Barcelona)
154,Psychology,Comillas Pontifical University
154,Psychology,Universitat Ramon Llull
154,Social Work,Comillas Pontifical University
155,Cognitive Science,Massachusetts Institute of Technology (MIT)
155,Psychologie ,Technical University of Darmstadt
155,Social Work,McGill University
156, Indigenous Teacher Education Program,University of British Columbia
157, Degree Completion,University of Michigan-Ann Arbor
157,Education Studies,Universität Heidelberg
157,Educational Science,Universität Hamburg
158, Health and Exercise Sciences ,University of British Columbia
158, Physical Therapy,University of Toronto
158, Physical Therapy (Non-Thesis),McGill University
158, Professional Kinesiology,University of Toronto
159, Health and Exercise Sciences ,University of British Columbia
159, Physical Therapy,University of Toronto
159, Physical Therapy (Non-Thesis),McGill University
159, Professional Kinesiology,University of Toronto
160,Architecture,Technical University of Munich
160,Architecture,Technische Universität Berlin (TU Berlin)
160,Architecture ,Technical University of Darmstadt
161,Cosmetics and Fragrances,Universitat Ramon Llull
161,Multimedia and Visual Arts,Universitat Politecnica de Valencia
161,Science and Technology in Architectural Heritage,University of Granada
161,Theatre Studies,Universitat Pompeu Fabra (Barcelona)
162, Dental Hygiene,University of Michigan-Ann Arbor
162,Medical Sociology (Thesis),McGill University
162,Public Health,"University of California, Berkeley (UCB)"
163, Dental Hygiene,University of Michigan-Ann Arbor
163, Public Health ,Yale University
163, Public Health Combined Degree ,Northwestern University
163, Public Health Occupational and Environmental Medicine Track (Non Yale Fellows),Yale University
164,Computer Engineering,Complutense University of Madrid
164,Computer Engineering,Universidad Autónoma de Madrid
164,Erasmus Mundus Nuclear Fusion and Engineering Physics,Universidad Carlos III de Madrid (UC3M)
164,Neuroengineering and Rehabilitation,Universitat Politècnica de Catalunya · BarcelonaTech (UPC)
165,Erasmus Mundus Master of Science in Textile Engineering,Universitat Politecnica de Valencia
165,Industrial Engineering,University of Salamanca
165,Thermal Engineering,Universitat Politècnica de Catalunya · BarcelonaTech (UPC)
166,Psychology,Universitat Ramon Llull
166,Psychology,Universität Hamburg
166,Psychology ,Friedrich-Alexander-Universität Erlangen-Nürnberg
167,Psychology,Holy Spirit University of Kaslik
167,Psychology,Islamic University of Lebanon
167,Social Work,Haigazian University
168,Applied Urban Science and Informatics,New York University (NYU)
168,Computer Science,"University of California, Los Angeles (UCLA)"
168,Cybersecurity,New York University (NYU)
169,Computer Science,"University of California, Los Angeles (UCLA)"
169,Cybersecurity Risk and Strategy,New York University (NYU)
169,Information Science,Cornell University
170, Computer Techniques,University of Pennsylvania
170,Computer Science,California Institute of Technology (Caltech)
170,Computer Science,"University of California, Berkeley (UCB)"
170,"Logic, Information, and Computation",University of Pennsylvania
171,Applied Computer Science ,University of Göttingen
171,Computer Science,Albert-Ludwigs-Universitaet Freiburg
171,Computing in Science,Universität Hamburg
172,Chemistry,Universitat Ramon Llull
172,Mathematics,Universitat Autònoma de Barcelona
172,Mathematics,Universitat de Barcelona
173,Chemistry,Universidad de Sevilla
173,Chemistry,University of Pennsylvania
173,Geology,Universitat Autònoma de Barcelona
173,Physics,Universitat Autònoma de Barcelona
174,Egyptology,Universität Heidelberg
174,Historical Musicology,Universität Hamburg
174,Philosophy,University of Cologne
174,Theologica,Saint Joseph University of Beirut
175,Reading/Writing/Literacy ,University of Pennsylvania
176,Marine Technologies,Universitat Politècnica de Catalunya · BarcelonaTech (UPC)
176,Nautical Science and Maritime Transport,Universitat Politècnica de Catalunya · BarcelonaTech (UPC)
177,Marine Technologies,Universitat Politècnica de Catalunya · BarcelonaTech (UPC)
177,Nautical Science and Maritime Transport,Universitat Politècnica de Catalunya · BarcelonaTech (UPC)
178,Arabic Language and Literature,Beirut Arab University
178,Arabic Language and Literature,Unversity of Balamand 
178,English Language,Haigazian University
178,English Studies,American University of Science and Technology
178,Philosophy ,Holy Spirit University of Kaslik
179,English Language and Literature,Beirut Arab University
179,English Language and Literature,Holy Spirit University of Kaslik
179,Modern Languages and Translation,Holy Spirit University of Kaslik
179,Religious Studies,Saint Joseph University of Beirut
179,Speech-Language Therapy,Islamic University of Lebanon
180, Higher Education,University of Toronto
180,Curriculum Studies ,University of British Columbia
180,International Educational Development,University of Pennsylvania
180,Social Studies Education ,University of British Columbia
181,Early Childhood Education ,University of British Columbia
181,Education,"University of California, Los Angeles (UCLA)"
181,Education Policy ,University of Pennsylvania
181,Literacy Education ,University of British Columbia
182, Human Resources Management,New York University (NYU)
182,Business and Management  and Management Administration,"University of California, Berkeley (UCB)"
182,Business and Management  and Management and Technology,University of Pennsylvania
182,Health Care Markets and Finance,University of Pennsylvania
182,Organizational Behavior and Change,New York University (NYU)
183,Accounting,Lebanese International University
183,Accounting,Modern University for Business and Science
183,Finance,American University of Science and Technology
183,Hospitality Management emphasis ,Haigazian University
183,Hotel Management,Islamic University of Lebanon
184,Applications and Technologies for Unmanned Aircraft Systems,Universitat Politècnica de Catalunya · BarcelonaTech (UPC)
184,Bioinformatics for Health Sciences,Universitat Pompeu Fabra (Barcelona)
184,Intelligent Transport Systems,Universitat Politecnica de Valencia
184,Software Development,University of Granada
184,"Software Engineering, Formal Methods and Information Systems",Universitat Politecnica de Valencia
185,Cloud and High-Performance Computing,Universitat Politecnica de Valencia
185,Condensed Matter Physics and Biological Systems,Universidad Autónoma de Madrid
185,Plant Health in Sustainable Cropping Systems,Universitat Politecnica de Valencia
185,Software Development,University of Granada
186,Media and Communication Studies,Universität Hamburg
187,Media and Communication Studies,Universität Hamburg
188, Astronomy,Yale University
188, Physics and Philosophy,Yale University
188,Mathematics,California Institute of Technology (Caltech)
189,Applied Mathematics,Unversity of Balamand 
189,Chemistry,American University of Beirut 
189,Mathematics,Saint Joseph University of Beirut
190, Environment Law(Thesis),McGill University
190,"Gender, Race, Sexuality, and Social Justice",University of British Columbia
190,Juris Doctor,University of Toronto
190,Social Justice Education,University of Toronto
191,Criminology,University of Toronto
191,"Gender, Race, Sexuality, and Social Justice",University of British Columbia
191,Juris Doctor,University of Toronto
192, Computer Science (Non-Thesis),McGill University
192, Computer Security,Columbia University
192, Urban Systems ,University of British Columbia
192,Cybersecurity Risk and Strategy,New York University (NYU)
192,Information Systems and Artificial Intelligence for Business and Management  and Management,Johns Hopkins University
193, Computer Security,Columbia University
193, Management Information Systems ,University of British Columbia
193,Information Systems,Cornell University
193,Network Systems,Columbia University
194,Biodiversity,University of Göttingen
194,Nanoscience,Universität Hamburg
194,Principles of Health and Disease,Ludwig-Maximilians-Universität München
195,Applied Clinical Research in Health Sciences,Universitat Autònoma de Barcelona
195,Microbiology and Parasitology,Complutense University of Madrid
195,Neuroscience,University of Salamanca
195,Neurosciences,Universitat Autònoma de Barcelona
196,Reading/Writing/Literacy ,University of Pennsylvania
197,Arabic Language,Jinan University
197,Comparative Literature,Universitat Autònoma de Barcelona
197,Contemporary History,Complutense University of Madrid
197,English Linguistics,Complutense University of Madrid
197,"Spanish Language, Hispanic Literature and Spanish as a Foreign Language",Universitat Autònoma de Barcelona
198, Chemical Engineering,Cornell University
198, Electrical and Computer Engineering,Cornell University
198, Systems  Engineering,Columbia University
198,Software  Engineering,Harvard University
199, Civil  Engineering,Columbia University
199,Chemical  Engineering,New York University (NYU)
199,Chemical  Engineering,Yale University
200, Indigenous Teacher Education Program,University of British Columbia
201, Indigenous Teacher Education Program,University of British Columbia
202,African Languages and Cultures,Universität Hamburg
202,History ,Friedrich-Alexander-Universität Erlangen-Nürnberg
202,Musicology,Universität Heidelberg
202,Translation Studies for Information Technologies,Universität Heidelberg
203,French and Romance Studies,Universität Heidelberg
203,Languages and Cultures of India and Tibet,Universität Hamburg
203,Languages and Cultures of Southeast Asia,Universität Hamburg
203,Spanish,Universität Hamburg
204,Manual Therapy and Osteopathy,Saint Joseph University of Beirut
204,Medical Physiology,Beirut Arab University
204,Operative and Esthetic Dentistry,Beirut Arab University
204,Public Health,Saint Joseph University of Beirut
204,Public Health,"University of California, Berkeley (UCB)"
205,  Human Nutrition (Non-Thesis),McGill University
205, Dental Sciences (Non-Thesis),McGill University
205, Occupational Therapy (Non-Thesis),McGill University
205, Public Health Combined Degree ,Northwestern University
205,Human Nutrition ,University of British Columbia
206,Communication and Society in Ibero-America,Universität Heidelberg
206,Journalism ,Ludwig-Maximilians-Universität München
206,Journalism and Communication Science,Universität Hamburg
206,Media Studies,Universität Hamburg
207,media studies,American University of Beirut 
208, Biology (Thesis),McGill University
208, Seniors Care ,University of British Columbia
208, Wound Prevention and Care,University of Toronto
208,Biochemistry and Molecular Biology ,University of British Columbia
208,Cell and Developmental Biology ,University of British Columbia
209,Applied Clinical Pharmacology,University of Toronto
209,Audiology and Speech Sciences ,University of British Columbia
209,Surgery ,University of British Columbia
210, Archaeological Studies,Yale University
210, Linguistics,Yale University
210,History of Art,Yale University
210,Italian,Yale University
211, Arabic and Hebrew Studies,University of Pennsylvania
211, Classical Studies,University of Chicago
211,English,"University of California, Los Angeles (UCLA)"
211,History,Yale University
211,Humanities,Yale University
212, Hispanic Studies (Non-Thesis),McGill University
212, Hispanic Studies (Thesis),McGill University
212, Italian (Thesis),McGill University
212,English (Thesis),McGill University
212,Religious Studies (Non-Thesis),McGill University
213,Conference Interpreting,Universitat Autònoma de Barcelona
213,Dictionary Production and Quality Control for Spanish Words,Universitat Autònoma de Barcelona
213,History of Contemporary Art and Visual Culture,Complutense University of Madrid
213,Sciences of Religions,Complutense University of Madrid
213,World History,Universitat Pompeu Fabra (Barcelona)
214,Advertising and Communication ,Haigazian University
214,Audiovisual Communication,Complutense University of Madrid
214,Journalism,Universidad Carlos III de Madrid (UC3M)
215,Advertising and Public Relations,Universitat Pompeu Fabra (Barcelona)
215,Audiovisual Communication,Universidade de Santiago de Compostela
215,Journalism,Complutense University of Madrid
215,Journalism,Universitat Pompeu Fabra (Barcelona)
215,Journalism,Universitat de Valencia
216, Applied Data Science,University of Michigan-Ann Arbor
217,"Communication and Political Marketing, Comparative Politics - Arab World, Foreign Affairs and International Cooperation",Saint Joseph University of Beirut
217,Management and International Affairs,Holy Spirit University of Kaslik
217,Sports Training ,Antoine University
218, Microbiology (Thesis),McGill University
218,Biologie ,Technical University of Darmstadt
218,Chemical Biology,"KIT, Karlsruhe Institute of Technology"
219, Human Genetics (Thesis),McGill University
219,Genome Science and Technology ,University of British Columbia
219,Molecular Life Sciences,Universität Hamburg
219,Molecular Plant Science,Universität Hamburg
220, Digital Media,University of British Columbia
220,Journalism and Digital Content Innovation,Universitat Autònoma de Barcelona
220,Literary and Theatrical Studies,University of Granada
220,Media Studies,Universität Hamburg
220,Sociocultural Analysis of Knowledge and Communication,Complutense University of Madrid
221,Journalism and Digital Content Innovation,Universitat Autònoma de Barcelona
221,"Media, Communication and Culture",Universitat Autònoma de Barcelona
221,Social Media and Corporate Communication,Universitat Politecnica de Valencia
221,Strategic Planning in Advertising and Public Relations,Universitat Autònoma de Barcelona
222, Nonprofit Leadership,University of Pennsylvania
223, Nonprofit Leadership,University of Pennsylvania
224,  Human Nutrition (Non-Thesis),McGill University
224, Dental Sciences (Thesis),McGill University
224, Medical Sociology (Non-Thesis),McGill University
224,Experimental Medicine (Thesis),McGill University
224,Population and Public Health ,University of British Columbia
225, Dental Sciences (Non-Thesis),McGill University
225, Medical Anthropology (Thesis),McGill University
225,Experimental Medicine ,University of British Columbia
226,Bioinformatics ,University of British Columbia
226,Computer Science,University of British Columbia
226,Integrated Studies in Land and Food Systems ,University of British Columbia
227, Applied Computing ,University of Toronto
227, Dependable Software Systems ,University of British Columbia
227,Computer Science (Thesis),McGill University
228,Art History,American University of Beirut 
228,French Literature,Saint Joseph University of Beirut
228,Theological Sciences and Pastoral Studies ,Antoine University
228,Theology,Unversity of Balamand 
229, Arabic and Hebrew Studies,University of Pennsylvania
229, Hispanic Studies,University of Pennsylvania
229,History,Princeton University
230, Health Administration,Cornell University
230, Public Health Policy Track,Yale University
230,Public Health,"University of California, Berkeley (UCB)"
231, Health Administration,Cornell University
231, Nutrition,Cornell University
231, Public Health ,Yale University
231, Public Health in Biostatistics,Yale University
231,Public Health Applied Biostatistics and Epidemiology Track,Yale University
232,Audiovisual Communications,Universitat Politecnica de Valencia
232,Journalism,University of Navarra
232,"Media, Communication and Journalism",University of Pennsylvania
233,Media and Communication Studies,Universität Hamburg
234, Global Automotive and Manufacturing  Engineering,University of Michigan-Ann Arbor
234, Manufacturing,University of Michigan-Ann Arbor
234,Automotive  Engineering,University of Michigan-Ann Arbor
234,Energy Systems  Engineering,University of Michigan-Ann Arbor
234,Systems  Engineering  Design,University of Michigan-Ann Arbor
235,Civil Engineering,"KIT, Karlsruhe Institute of Technology"
235,Computer Engineering,Technische Universität Berlin (TU Berlin)
235,Electrical Engineering,Technische Universität Berlin (TU Berlin)
235,Electrical Engineering,Universität Stuttgart
235,Industrial Engineering and Management,"KIT, Karlsruhe Institute of Technology"
236,Biostatistics,Complutense University of Madrid
236,Meteorology and Geophysics,Complutense University of Madrid
236,Nuclear Physics,University of Granada
236,Organic Chemistry,Complutense University of Madrid
236,"Secondary and Upper Secondary Education, Vocational Training and Foreign Language Teaching in Mathematics specialisation",Universitat Politècnica de Catalunya · BarcelonaTech (UPC)
237,Biostatistics,Complutense University of Madrid
237,Chemistry,Universitat de Valencia
237,Geosciences for the Energy Transition,Universitat de Barcelona
237,Green Chemistry,Universitat Politecnica de Valencia
237,Mathematical Research,Universitat de Valencia
238,Nursing Sciences,Holy Spirit University of Kaslik
238,Nutrition and Dietetics,Modern University for Business and Science
238,Physiotherapy,Saint Joseph University of Beirut
239,Biomedical Science,Lebanese International University
239,Human Nutrition,Notre Dame University 
239,Human Nutrition and Dietetics,Holy Spirit University of Kaslik
239,Nursing Sciences,Jinan University
239, Medical Laboratory Technology,Jinan University
240,French Language and Literature,Islamic University of Lebanon
240,Philosophy,Holy Spirit University of Kaslik
240,Theologica,Saint Joseph University of Beirut
241,Arabic Language,Jinan University
241,French Language and Literature,Beirut Arab University
241,Philosophy,Holy Spirit University of Kaslik
241,Theology,Unversity of Balamand 
242,Biology  ,University of Göttingen
242,Chemical Biology,"KIT, Karlsruhe Institute of Technology"
242,Chemie ,Technical University of Darmstadt
242,Neurosciences,University of Cologne
243, Computational Biology Concentration,University of Pennsylvania
243," Molecular, Cellular, and Developmental Biology",Yale University
243,Biological Sciences,Northwestern University
243,Biology,California Institute of Technology (Caltech)
244,Cinema Studies,University of Toronto
244,Digital Arts and Humanities ,University of British Columbia
244,Film Production ,University of British Columbia
244,Film Production and Creative Writing ,University of British Columbia
244,"Media, Communication and Journalism Sciences and Disorders (Thesis)",McGill University
245,Audiovisual Communication and Advertising Contents,Universitat Autònoma de Barcelona
245,Film Production and Creative Writing ,University of British Columbia
245,"Media, Communication and Journalism Sciences & Disorders (Non-Thesis)",McGill University
245,Professional Multimedia Journalism,Complutense University of Madrid
245,Transmedia Documentary and Reportage,Universidad Carlos III de Madrid (UC3M)
246,Civil Engineering,Holy Spirit University of Kaslik
246,Financial Engineering,American University of Science and Technology
246,Industrial Engineering,Lebanese International University
247,Civil and Environmental Engineering,Pheonicia University 
247,Communications and Electronics Engineering,Beirut Arab University
247,Computer and Communication Engineering,Rafik Hariri  University 
247,Mechanical Engineering,Beirut Arab University
248,"Commercial Regulation, Litigation and Arbitration",Pheonicia University 
248,Governance,Universitat Pompeu Fabra (Barcelona)
248,International Defense and Security Policy,Complutense University of Madrid
248,International Law,Complutense University of Madrid
249,Criminology,Universität Hamburg
249,European and International Law ,Universität Hamburg
249,International Law,University of Göttingen
249,International Law,Universität Heidelberg
250, Law (Non-Thesis),McGill University
250,Bioethics Law(Thesis),McGill University
250,"Gender, Race, Sexuality, and Social Justice",University of British Columbia
251, Law (Thesis),McGill University
251, Laws ,University of British Columbia
251,Criminology,University of Toronto
251,Taxation,University of British Columbia
252, Nutrition,Beirut Arab University
252,Dental Laboratory Technology ,Antoine University
252,Oral Surgery,Beirut Arab University
252,Orthodontics,Beirut Arab University
252,Physiotherapy of Physical Activities and Sport,Saint Joseph University of Beirut
253, Dental Sciences (Thesis),McGill University
253, Public Health Combined Degree ,Northwestern University
253, Public Health Policy Track,Yale University
253,Experimental Medicine (Thesis),McGill University
253,Family Medicine (Thesis),McGill University
254,Biomedicine,Universitat de Barcelona
254,Public Health,Universitat Autònoma de Barcelona
254,Research and Advances in Preventive Medicine and Public Health,University of Granada
255,Medical Biometrics and Biostatistics,Universität Heidelberg
255,Molecular Medicine,Goethe-University Frankfurt am Main
255,Public Health,Technische Universität Dresden
255,Translational Medical Research,Universität Heidelberg
